-- MySQL dump 10.13  Distrib 5.7.24, for osx10.9 (x86_64)
--
-- Host: localhost    Database: maintainence
-- ------------------------------------------------------
-- Server version	8.2.0

/*!40101 SET @OLD_CHARACTER_SET_CLIENT=@@CHARACTER_SET_CLIENT */;
/*!40101 SET @OLD_CHARACTER_SET_RESULTS=@@CHARACTER_SET_RESULTS */;
/*!40101 SET @OLD_COLLATION_CONNECTION=@@COLLATION_CONNECTION */;
/*!40101 SET NAMES utf8 */;
/*!40103 SET @OLD_TIME_ZONE=@@TIME_ZONE */;
/*!40103 SET TIME_ZONE='+00:00' */;
/*!40014 SET @OLD_UNIQUE_CHECKS=@@UNIQUE_CHECKS, UNIQUE_CHECKS=0 */;
/*!40014 SET @OLD_FOREIGN_KEY_CHECKS=@@FOREIGN_KEY_CHECKS, FOREIGN_KEY_CHECKS=0 */;
/*!40101 SET @OLD_SQL_MODE=@@SQL_MODE, SQL_MODE='NO_AUTO_VALUE_ON_ZERO' */;
/*!40111 SET @OLD_SQL_NOTES=@@SQL_NOTES, SQL_NOTES=0 */;

--
-- Table structure for table `domain_extension`
--

DROP TABLE IF EXISTS `domain_extension`;
/*!40101 SET @saved_cs_client     = @@character_set_client */;
/*!40101 SET character_set_client = utf8 */;
CREATE TABLE `domain_extension` (
  `Extension_Id` int NOT NULL AUTO_INCREMENT,
  `Domain_Id` int DEFAULT NULL,
  `Description` varchar(200) DEFAULT NULL,
  PRIMARY KEY (`Extension_Id`),
  KEY `Domain_Id` (`Domain_Id`),
  CONSTRAINT `domain_extension_ibfk_1` FOREIGN KEY (`Domain_Id`) REFERENCES `domain_table` (`Domain_Id`)
) ENGINE=InnoDB DEFAULT CHARSET=utf8mb4 COLLATE=utf8mb4_0900_ai_ci;
/*!40101 SET character_set_client = @saved_cs_client */;

--
-- Dumping data for table `domain_extension`
--

LOCK TABLES `domain_extension` WRITE;
/*!40000 ALTER TABLE `domain_extension` DISABLE KEYS */;
/*!40000 ALTER TABLE `domain_extension` ENABLE KEYS */;
UNLOCK TABLES;

--
-- Table structure for table `domain_table`
--

DROP TABLE IF EXISTS `domain_table`;
/*!40101 SET @saved_cs_client     = @@character_set_client */;
/*!40101 SET character_set_client = utf8 */;
CREATE TABLE `domain_table` (
  `Domain_Id` int NOT NULL AUTO_INCREMENT,
  `Domain` varchar(20) NOT NULL,
  `Subdomain` varchar(40) NOT NULL,
  `Subdomain_2` varchar(40) NOT NULL,
  PRIMARY KEY (`Domain_Id`)
) ENGINE=InnoDB AUTO_INCREMENT=12 DEFAULT CHARSET=utf8mb4 COLLATE=utf8mb4_0900_ai_ci;
/*!40101 SET character_set_client = @saved_cs_client */;

--
-- Dumping data for table `domain_table`
--

LOCK TABLES `domain_table` WRITE;
/*!40000 ALTER TABLE `domain_table` DISABLE KEYS */;
INSERT INTO `domain_table` VALUES (1,'electrical','electrical','services'),(2,'plumbing','plumbing','services'),(3,'HVAC','HVAC','services'),(4,'carpentry','carpentry','services'),(5,'painting','painting','services'),(6,'roofing','roofing','services'),(7,'landscaping','landscaping','services'),(8,'janitorial','janitorial','services'),(9,'pestcontrol','pest','control'),(10,'securitysystems','security','systems');
/*!40000 ALTER TABLE `domain_table` ENABLE KEYS */;
UNLOCK TABLES;

--
-- Table structure for table `location_table`
--

DROP TABLE IF EXISTS `location_table`;
/*!40101 SET @saved_cs_client     = @@character_set_client */;
/*!40101 SET character_set_client = utf8 */;
CREATE TABLE `location_table` (
  `Location_Id` int NOT NULL AUTO_INCREMENT,
  `Location` enum('Hostel','Housing','Academic','Infrastructure','Guest House','Central Arcade','Sports Complex','Research Park') DEFAULT NULL,
  `Building_Name` varchar(100) DEFAULT NULL,
  `Room_No` int DEFAULT NULL,
  `Description` varchar(200) DEFAULT NULL,
  PRIMARY KEY (`Location_Id`)
) ENGINE=InnoDB AUTO_INCREMENT=90 DEFAULT CHARSET=utf8mb4 COLLATE=utf8mb4_0900_ai_ci;
/*!40101 SET character_set_client = @saved_cs_client */;

--
-- Dumping data for table `location_table`
--

LOCK TABLES `location_table` WRITE;
/*!40000 ALTER TABLE `location_table` DISABLE KEYS */;
INSERT INTO `location_table` VALUES (1,'Hostel','Aibaan',101,'Single Room'),(2,'Hostel','Beauki',202,'Double Room'),(3,'Hostel','Chimar',303,'Single Room'),(4,'Hostel','Duven',404,'Single Room'),(5,'Hostel','Emiet',105,'Double Room'),(6,'Hostel','Firpeal',206,'Single Room'),(7,'Hostel','Hiqom',307,'Double Room'),(8,'Hostel','Ijokha',408,'Single Room'),(9,'Hostel','Jurqia',109,'Double Room'),(10,'Hostel','Kyzeel',210,'Single Room'),(11,'Academic','AB 1',101,'Lecture hall'),(12,'Academic','AB 2',202,'Laboratory'),(13,'Academic','AB 3',303,'Conference room'),(14,'Academic','AB 4',404,'Seminar hall'),(15,'Academic','AB 5',105,'Library'),(16,'Academic','AB 6',206,'Computer lab'),(17,'Academic','AB 7',307,'Research center'),(18,'Academic','AB 8',408,'Auditorium'),(19,'Academic','AB 9',109,'Classroom'),(20,'Academic','AB 10',210,'Tutorial room'),(21,'Academic','AB 11',311,'Faculty lounge'),(22,'Academic','AB 12',412,'Administration block'),(23,'Academic','AB 13',113,'Faculty offices'),(24,'Housing','Housing Block 1',101,'Apartment'),(25,'Housing','Housing Block 2',202,'Apartment'),(26,'Housing','Housing Block 3',303,'Apartment'),(27,'Housing','Housing Block 4',404,'Apartment'),(28,'Housing','Housing Block 5',105,'Apartment'),(29,'Housing','Housing Block 6',206,'Apartment'),(30,'Housing','Housing Block 7',307,'Apartment'),(31,'Housing','Housing Block 8',408,'Apartment'),(32,'Housing','Housing Block 9',109,'Apartment'),(33,'Housing','Housing Block 10',210,'Apartment'),(34,'Infrastructure','Building 1',111,'Maintenance room'),(35,'Infrastructure','Building 2',222,'Storage room'),(36,'Infrastructure','Building 3',333,'Generator room'),(37,'Infrastructure','Building 4',444,'Water treatment plant'),(38,'Infrastructure','Building 5',115,'Security room'),(39,'Infrastructure','Building 6',226,'Parking garage'),(40,'Infrastructure','Building 7',337,'Fire control room'),(41,'Infrastructure','Building 8',448,'Waste management facility'),(42,'Infrastructure','Building 9',119,'HVAC control room'),(43,'Infrastructure','Building 10',230,'Telecommunication center'),(44,'Infrastructure','LP01',NULL,'Light poles'),(45,'Infrastructure','LP02',NULL,'Light poles'),(46,'Infrastructure','LP03',NULL,'Light poles'),(47,'Infrastructure','Sprinkler 1',NULL,'Sprinkler system'),(48,'Infrastructure','Sprinkler 2',NULL,'Sprinkler system'),(49,'Infrastructure','Fire Extinguisher 1',NULL,'Fire extinguisher'),(50,'Infrastructure','Fire Extinguisher 2',NULL,'Fire extinguisher'),(51,'Infrastructure','Fire Extinguisher 3',NULL,'Fire extinguisher'),(52,'Infrastructure','Fire Extinguisher 4',NULL,'Fire extinguisher'),(53,'Guest House',NULL,101,'Suite room'),(54,'Guest House',NULL,202,'Standard room'),(55,'Guest House',NULL,303,'Deluxe room'),(56,'Guest House',NULL,404,'Executive room'),(57,'Guest House',NULL,105,'Family room'),(58,'Guest House',NULL,206,'Honeymoon suite'),(59,'Guest House',NULL,307,'Presidential suite'),(60,'Guest House',NULL,408,'VIP room'),(61,'Guest House',NULL,109,'Accessible room'),(62,'Guest House',NULL,210,'Pet-friendly room'),(63,'Central Arcade',NULL,NULL,'Brahmos Veg Solution (grocery shop)'),(64,'Central Arcade',NULL,NULL,'Laundry shop'),(65,'Central Arcade',NULL,NULL,'Stationery shop'),(66,'Central Arcade',NULL,NULL,'Various shops available'),(67,'Central Arcade',NULL,NULL,'Convenient shopping'),(68,'Central Arcade',NULL,NULL,'Retail outlets'),(69,'Central Arcade',NULL,NULL,'Shopping plaza'),(70,'Central Arcade',NULL,NULL,'Retail center'),(71,'Central Arcade',NULL,NULL,'Commercial area'),(72,'Central Arcade',NULL,NULL,'Retail shops'),(73,'Central Arcade',NULL,NULL,'Shopping complex'),(74,'Sports Complex',NULL,NULL,'Indoor stadium'),(75,'Sports Complex',NULL,NULL,'Gymnasium'),(76,'Sports Complex',NULL,NULL,'Swimming pool'),(77,'Sports Complex',NULL,NULL,'Tennis court'),(78,'Sports Complex',NULL,NULL,'Basketball court'),(79,'Sports Complex',NULL,NULL,'Badminton court'),(80,'Sports Complex',NULL,NULL,'Squash court'),(81,'Sports Complex',NULL,NULL,'Track and field arena'),(82,'Sports Complex',NULL,NULL,'Table tennis area'),(83,'Research Park','Research Park 1',101,'Innovation hub'),(84,'Research Park','Research Park 2',202,'Collaborative space'),(85,'Research Park','Research Park 3',303,'Laboratory complex'),(86,'Research Park','Research Park 4',404,'Incubation centers');
/*!40000 ALTER TABLE `location_table` ENABLE KEYS */;
UNLOCK TABLES;

--
-- Table structure for table `Request_Table`
--

DROP TABLE IF EXISTS `Request_Table`;
/*!40101 SET @saved_cs_client     = @@character_set_client */;
/*!40101 SET character_set_client = utf8 */;
CREATE TABLE `Request_Table` (
  `Request_Id` int NOT NULL AUTO_INCREMENT,
  `User_Id` int NOT NULL,
  `Domain_Id` int NOT NULL,
  `Location_Id` int NOT NULL,
  `Subject` varchar(100) NOT NULL,
  `Availability` varchar(100) NOT NULL,
  `Status` varchar(20) NOT NULL,
  `Description` varchar(200) DEFAULT NULL,
  `Admin_Comments` varchar(200) DEFAULT NULL,
  `Image` blob,
  PRIMARY KEY (`Request_Id`),
  KEY `User_Id` (`User_Id`),
  KEY `Domain_Id` (`Domain_Id`),
  KEY `Location_Id` (`Location_Id`),
  CONSTRAINT `request_table_ibfk_1` FOREIGN KEY (`User_Id`) REFERENCES `user_table` (`User_Id`),
  CONSTRAINT `request_table_ibfk_2` FOREIGN KEY (`Domain_Id`) REFERENCES `domain_table` (`Domain_Id`),
  CONSTRAINT `request_table_ibfk_3` FOREIGN KEY (`Location_Id`) REFERENCES `location_table` (`Location_Id`)
) ENGINE=InnoDB AUTO_INCREMENT=32 DEFAULT CHARSET=utf8mb4 COLLATE=utf8mb4_0900_ai_ci;
/*!40101 SET character_set_client = @saved_cs_client */;

--
-- Dumping data for table `Request_Table`
--

LOCK TABLES `Request_Table` WRITE;
/*!40000 ALTER TABLE `Request_Table` DISABLE KEYS */;
INSERT INTO `Request_Table` VALUES (2,2,2,34,'Fix Leaky Faucet, Please','Available on weekends and evenings','Pending','Leaky faucet in the kitchen needs repair','None',NULL),(3,3,3,56,'HVAC System Maintenance','Available on weekdays from 8am to 4pm','Pending','Require routine maintenance for HVAC system',NULL,NULL),(4,4,4,78,'Carpentry Work for Custom Furniture','Available on weekdays from 10am to 6pm','Pending','Need custom furniture built for the office',NULL,NULL),(5,5,5,23,'Interior Painting for Living Room','Available on weekends and evenings','Pending','Want to repaint the living room walls',NULL,NULL),(6,6,6,45,'Roof Repair Service Needed','Available on weekdays from 9am to 5pm','Pending','Roof has a leak and needs repair',NULL,NULL),(7,7,7,67,'Landscaping Design Consultation','Available on weekdays from 8am to 4pm','Pending','Interested in redesigning backyard landscape',NULL,NULL),(8,8,8,69,'Janitorial Services for Office Cleaning','Available on weekends and evenings','Pending','Require regular cleaning services for office space',NULL,NULL),(9,9,9,10,'Pest Control for Termite Infestation','Available on weekdays from 9am to 5pm','Pending','Termite infestation in the building needs to be addressed',NULL,NULL),(10,10,10,32,'Installation of Security Camera System','Available on weekends and evenings','Pending','Need to install security cameras for better surveillance',NULL,NULL),(11,11,1,54,'Electrical Outlet Repair','Available on weekdays from 8am to 4pm','Pending','Some electrical outlets are not functioning properly',NULL,NULL),(12,12,2,76,'Plumbing Inspection for Water Leakage','Available on weekdays from 10am to 6pm','Pending','Suspect water leakage, need inspection',NULL,NULL),(13,13,3,2,'HVAC System Upgrade','Available on weekends and evenings','Pending','Looking to upgrade to a more energy-efficient HVAC system',NULL,NULL),(14,14,4,24,'Carpentry Work for Deck Construction','Available on weekdays from 9am to 5pm','Pending','Planning to build a deck in the backyard',NULL,NULL),(15,15,5,46,'Exterior Painting for House Renovation','Available on weekdays from 8am to 4pm','Pending','Renovating exterior, need fresh paint',NULL,NULL),(16,16,6,68,'Roof Shingle Replacement','Available on weekends and evenings','Pending','Some roof shingles need replacement',NULL,NULL),(17,17,7,34,'Landscaping Maintenance Service','Available on weekdays from 9am to 5pm','Pending','Require regular maintenance for garden and lawn',NULL,NULL),(18,18,8,11,'Janitorial Services for School Cleaning','Available on weekdays from 8am to 4pm','Pending','School premises need regular cleaning',NULL,NULL),(19,19,9,33,'Pest Control for Rodent Infestation','Available on weekends and evenings','Pending','Rodent problem in the attic needs to be resolved',NULL,NULL),(20,20,10,55,'Installation of Security Alarm System','Available on weekdays from 9am to 5pm','Pending','Interested in installing a security alarm system',NULL,NULL),(21,21,1,77,'Electrical Panel Upgrade','Available on weekdays from 8am to 4pm','Pending','Need to upgrade electrical panel for increased capacity',NULL,NULL),(22,22,2,1,'Plumbing Fixture Replacement','Available on weekends and evenings','Pending','Old plumbing fixtures need replacement',NULL,NULL),(23,23,3,23,'HVAC Duct Cleaning Service','Available on weekdays from 9am to 5pm','Pending','Ducts need cleaning for better air quality',NULL,NULL),(24,24,4,45,'Custom Carpentry Work for Shelving','Available on weekdays from 8am to 4pm','Pending','Want custom shelves built for storage',NULL,NULL),(25,25,5,67,'Exterior Painting for Commercial Building','Available on weekends and evenings','Pending','Commercial building exterior needs a fresh coat of paint',NULL,NULL),(26,26,6,45,'Roof Inspection for Storm Damage','Available on weekdays from 9am to 5pm','Pending','Roof damage assessment after recent storm',NULL,NULL),(27,27,7,10,'Landscaping Design for Front Yard','Available on weekdays from 8am to 4pm','Pending','Interested in redesigning front yard landscape',NULL,NULL),(28,28,8,32,'Janitorial Services for Medical Facility','Available on weekends and evenings','Pending','Medical facility requires specialized cleaning services',NULL,NULL),(29,29,9,54,'Pest Control for Bed Bug Infestation','Available on weekdays from 9am to 5pm','Pending','Bed bug infestation in the bedroom needs treatment','None',NULL),(30,30,10,76,'Installation of Access Control System','Available on weekdays from 8am to 4pm','Pending','Looking to install access control system for security','',NULL),(31,1,1,1,'Something','Anytime','Ongoing','Nothing','',NULL);
/*!40000 ALTER TABLE `Request_Table` ENABLE KEYS */;
UNLOCK TABLES;

--
-- Table structure for table `user_table`
--

DROP TABLE IF EXISTS `user_table`;
/*!40101 SET @saved_cs_client     = @@character_set_client */;
/*!40101 SET character_set_client = utf8 */;
CREATE TABLE `user_table` (
  `User_Id` int NOT NULL AUTO_INCREMENT,
  `First_Name` varchar(20) NOT NULL,
  `Middle_Name` varchar(20) DEFAULT NULL,
  `Last_Name` varchar(20) DEFAULT NULL,
  `Email_Id` varchar(255) NOT NULL,
  `mobile_number` char(10) NOT NULL,
  PRIMARY KEY (`User_Id`),
  UNIQUE KEY `Email_Id` (`Email_Id`),
  UNIQUE KEY `Mobile_Number` (`mobile_number`),
  CONSTRAINT `user_table_chk_1` CHECK ((`Email_Id` like _utf8mb4'%_@__%.__%'))
) ENGINE=InnoDB AUTO_INCREMENT=148 DEFAULT CHARSET=utf8mb4 COLLATE=utf8mb4_0900_ai_ci;
/*!40101 SET character_set_client = @saved_cs_client */;

--
-- Dumping data for table `user_table`
--

LOCK TABLES `user_table` WRITE;
/*!40000 ALTER TABLE `user_table` DISABLE KEYS */;
INSERT INTO `user_table` VALUES (1,'John','Alexander','NULL','john_smith@example.com','1234567854'),(2,'Emma','Grace','Johnson','emma.j@example.com','2345678901'),(3,'Michael','David','Brown','michael_brown@example.com','3456789012'),(4,'Sophia','Elizabeth','Martinez','sophia_martinez@example.com','4567890123'),(5,'William','Christopher','Anderson','william_anderson@example.com','5678901234'),(6,'Isabella','Lauren','Taylor','isabella_taylor@example.com','6789012345'),(7,'James','Ryan','Thomas','james.thomas@example.com','7890183456'),(8,'Olivia','Avery','Lee','olivia_lee@example.com','8902234567'),(9,'Benjamin','Kevin','White','benjamin_white@example.com','9012345678'),(10,'Amelia','Natalie','Harris','amelia.harris@example.com','1234567891'),(11,'Ethan','Andrew','Wilson','ethan.wilson@example.com','2345678902'),(12,'Charlotte','Victoria','Walker','charlotte_walker@example.com','3456789013'),(13,'Mason','Alexander','Martin','mason.martin@example.com','4567890124'),(14,'Harper','Daniel','Thompson','harper_thompson@example.com','5678901235'),(15,'Evelyn','Gabriella','Garcia','evelyn_garcia@example.com','6789012346'),(16,'Liam','Christopher','Allen','liam_allen@example.com','7880123457'),(17,'Abigail','Madison','Young','abigail_young@example.com','8900234568'),(18,'Aiden','Jacob','King','aiden_king@example.com','9012345679'),(19,'Mia','Madison','Wright','mia.wright@example.com','1234567892'),(20,'Elijah','Ryan','Perez','elijah_perez@example.com','2345678903'),(21,'Ella','Ariana','Robinson','ella.robinson@example.com','3456789014'),(22,'Noah','David','Lewis','noah.lewis@example.com','4567890125'),(23,'Avery','Grace','Scott','avery.scott@example.com','5678901236'),(24,'Sofia','Hailey','Diaz','sofia.diaz@example.com','6789012347'),(25,'Logan','Matthew','Hall','logan.hall@example.com','7890113458'),(26,'Riley','Emily','Green','riley.green@example.com','8901234569'),(27,'Aria','Chloe','Adams','aria.adams@example.com','1234567893'),(28,'Jackson','James','Campbell','jackson.campbell@example.com','2345678904'),(29,'Grace','Nora','Evans','grace.evans@example.com','3456789015'),(30,'Carter','Jonathan','Morales','carter.morales@example.com','4567890126'),(31,'Scarlett','Kaylee','Rivera','scarlett.rivera@example.com','5678901237'),(32,'Luke','Christian','Parker','luke.parker@example.com','6789012348'),(33,'Chloe','Lillian','Torres','chloe.torres@example.com','7890123459'),(34,'Leo','Joseph','Collins','leo.collins@example.com','8901234560'),(35,'Layla','Alexa','Reyes','layla.reyes@example.com','9012345671'),(36,'Mason','Ella','Murphy','mason.murphy@example.com','1234567894'),(37,'Zoe','Gabrielle','Morgan','zoe.morgan@example.com','2345678905'),(38,'Nolan','John','Gutierrez','nolan.gutierrez@example.com','3456789016'),(39,'Ellie','Samantha','Cook','ellie.cook@example.com','4567890127'),(40,'Grayson','Oliver','Bailey','grayson.bailey@example.com','5678901238'),(41,'Lucas','Isaac','Hill','lucas.hill@example.com','6789012349'),(42,'Emma','Nicole','Rogers','emma.rogers@example.com','7890123450'),(43,'Aubrey','Madeline','Reed','aubrey.reed@example.com','8901234561'),(44,'Henry','Owen','Sanders','henry.sanders@example.com','1234567895'),(45,'Luna','Sophie','Wood','luna.wood@example.com','2345678906'),(46,'Owen','Jack','Washington','owen.washington@example.com','3456789017'),(47,'Stella','Bella','Price','stella.price@example.com','4567890128'),(48,'Gavin','Cameron','Bennett','gavin.bennett@example.com','5678901239'),(49,'Peyton','Claire','Cooper','peyton.cooper@example.com','6789012350'),(50,'Zoey','Vanessa','Perry','zoey.perry@example.com','7890123451'),(51,'Eli','Max','Long','eli.long@example.com','8901234562'),(52,'Aurora','Julia','Howard','aurora.howard@example.com','1234567896'),(53,'Levi','Adam','Hughes','levi.hughes@example.com','2345678907'),(54,'Alyssa','Faith','Flores','alyssa.flores@example.com','3456789018'),(55,'Axel','Samuel','Barnes','axel.barnes@example.com','4567890129'),(56,'Nora','Lillian','Gonzalez','nora.gonzalez@example.com','5678901240'),(57,'Brooklyn','Violet','Edwards','brooklyn.edwards@example.com','6789012351'),(58,'Nathan','Robert','Russell','nathan.russell@example.com','7890123452'),(59,'Addison','Elizabeth','Patterson','addison.patterson@example.com','8901234563'),(60,'Sebastian','Jaxon','Coleman','sebastian.coleman@example.com','1234567897'),(61,'Lily','Mackenzie','Simmons','lily.simmons@example.com','2345678908'),(62,'Jack','Grayson','Foster','jack.foster@example.com','3456789019'),(63,'Madison','Brooklyn','Gomez','madison.gomez@example.com','4567890130'),(64,'Hudson','Zachary','Bryant','hudson.bryant@example.com','5678901241'),(65,'Eva','Savannah','Alexander','eva.alexander@example.com','6789012352'),(66,'Penelope','Clara','Collins','penelope.collins@example.com','7890123453'),(67,'Gabriel','Dominic','Kelly','gabriel.kelly@example.com','8901234564'),(68,'Austin','Gage','Richardson','austin.richardson@example.com','1234567898'),(69,'Violet','Kylie','Baker','violet.baker@example.com','2345678909'),(70,'David','Jaxon','Grant','david.grant@example.com','3456789020'),(71,'Ryder','Theodore','Powell','ryder.powell@example.com','4567890131'),(72,'Sienna','Jade','Bennett','sienna.bennett@example.com','5678901242'),(73,'Adam','Hunter','Ramirez','adam.ramirez@example.com','6789012353'),(74,'Gabriella','Annabelle','Fisher','gabriella.fisher@example.com','7890123454'),(75,'Claire','Caroline','Sanders','claire.sanders@example.com','8901234565'),(76,'Lincoln','Jaxson','Graham','lincoln.graham@example.com','1234567899'),(77,'Hazel','Isabelle','Shaw','hazel.shaw@example.com','2345678910'),(78,'Carson','Miles','Harrison','carson.harrison@example.com','3456789021'),(79,'Ariana','Elise','Sullivan','ariana.sullivan@example.com','4567890132'),(80,'Mateo','Antonio','Wallace','mateo.wallace@example.com','5678901243'),(81,'Kaylee','Eliza','Woods','kaylee.woods@example.com','6789012354'),(82,'Maya','Danielle','Cole','maya.cole@example.com','7890123455'),(83,'Theodore','Roman','West','theodore.west@example.com','8901234666'),(84,'Bella','Leah','Jordan','bella.jordan@example.com','1234567900'),(85,'Nicholas','Oscar','Murray','nicholas.murray@example.com','2345678911'),(86,'Paisley','Trinity','Wagner','paisley.wagner@example.com','3456789022'),(87,'Brody','Xavier','Bishop','brody.bishop@example.com','4567890133'),(88,'Emilia','Reagan','Montgomery','emilia.montgomery@example.com','5678901244'),(89,'Mila','Isabel','Harper','mila.harper@example.com','6789012355'),(90,'Joseph','Kenneth','Dunn','joseph.dunn@example.com','7890123456'),(91,'Annabelle','Faith','Mitchell','annabelle.mitchell@example.com','8901234567'),(92,'Eleanor','Harper','Hansen','eleanor.hansen@example.com','1234567901'),(93,'Caleb','Brayden','Lynch','caleb.lynch@example.com','2345678912'),(94,'Everly','Layla','Gibson','everly.gibson@example.com','3456789023'),(95,'Maddox','Bentley','Wall','maddox.wall@example.com','4567890134'),(96,'Emerson','Xander','Keller','emerson.keller@example.com','5678901245'),(97,'Hannah','Jocelyn','Ferguson','hannah.ferguson@example.com','6789012356'),(98,'Matthew','George','Nelson','matthew.nelson@example.com','7890123457'),(99,'Leah','Aaliyah','Pearson','leah.pearson@example.com','8901234568'),(100,'Anthony','Jude','Gardner','anthony.gardner@example.com','1234567902'),(101,'Dominic','Ryker','Fuller','dominic.fuller@example.com','2345678913'),(102,'Adeline','Brielle','Hart','adeline.hart@example.com','3456789024'),(103,'Audrey','Harper','Bowman','audrey.bowman@example.com','4567890135'),(104,'Sawyer','Patrick','Klein','sawyer.klein@example.com','5678901246'),(105,'Cole','Elliot','Vasquez','cole.vasquez@example.com','6789012357'),(106,'Elliot','Weston','McCarthy','elliot.mccarthy@example.com','7890123458'),(107,'Claire','Gabriella','Lowe','claire.lowe@example.com','8901234566'),(108,'Gemma','Danielle','Ruiz','gemma.ruiz@example.com','1234567903'),(109,'Harrison','Finn','Gomez','harrison.gomez@example.com','2345678914'),(110,'Xavier','Nathaniel','Johnston','xavier.johnston@example.com','3456789025'),(111,'Isla','Rose','Santos','isla.santos@example.com','4567890136'),(112,'Bryson','Kingston','Hawkins','bryson.hawkins@example.com','5678901247'),(113,'Lillian','Nicole','Perkins','lillian.perkins@example.com','6789012358'),(114,'Holly','Gabriella','Holmes','holly.holmes@example.com','7890123999'),(115,'Leonardo','Wesley','Larson','leonardo.larson@example.com','8901234570'),(116,'Jasmine','Morgan','Warren','jasmine.warren@example.com','1234567904'),(117,'Paul','Louis','Dixon','paul.dixon@example.com','2345678915'),(118,'Gabrielle','Kennedy','Hernandez','gabrielle.hernandez@example.com','3456789026'),(119,'Daniel','Ezekiel','Black','daniel.black@example.com','4567890137'),(120,'Charlie','Parker','Cruz','charlie.cruz@example.com','5678901248'),(121,'Lyla','Reese','Hayes','lyla.hayes@example.com','6789012359'),(122,'Peter','Jasper','Buchanan','peter.buchanan@example.com','7890123460'),(123,'Alexa','Brooklyn','Franklin','alexa.franklin@example.com','8901234571'),(124,'Caroline','Delilah','Wheeler','caroline.wheeler@example.com','1234567905'),(125,'Jaxon','Hunter','Knight','jaxon.knight@example.com','2345678916'),(127,'Cameron','Rebecca','Porter','cameron.porter@example.com','4567890138'),(128,'Kennedy','Brynn','Tucker','kennedy.tucker@example.com','5678901249'),(129,'Cole','Nolan','Sharp','cole.sharp@example.com','6789012360'),(130,'Liam','Graham','Hoffman','liam.hoffman@example.com','7890123461'),(131,'Quinn','Serena','Daniels','quinn.daniels@example.com','8901234572'),(132,'Dylan','Brady','Fletcher','dylan.fletcher@example.com','1234567906'),(133,'Ruby','Elaina','Day','ruby.day@example.com','2345678917'),(147,'Shubh','','','shb@gmail.com','7043236104');
/*!40000 ALTER TABLE `user_table` ENABLE KEYS */;
UNLOCK TABLES;

--
-- Temporary table structure for view `view1`
--

DROP TABLE IF EXISTS `view1`;
/*!50001 DROP VIEW IF EXISTS `view1`*/;
SET @saved_cs_client     = @@character_set_client;
SET character_set_client = utf8;
/*!50001 CREATE VIEW `view1` AS SELECT 
 1 AS `Request_Id`,
 1 AS `Subject`,
 1 AS `Availability`,
 1 AS `Full_Name`*/;
SET character_set_client = @saved_cs_client;

--
-- Temporary table structure for view `view2`
--

DROP TABLE IF EXISTS `view2`;
/*!50001 DROP VIEW IF EXISTS `view2`*/;
SET @saved_cs_client     = @@character_set_client;
SET character_set_client = utf8;
/*!50001 CREATE VIEW `view2` AS SELECT 
 1 AS `Request_Id`,
 1 AS `Subject`,
 1 AS `Availability`,
 1 AS `Full_Name`*/;
SET character_set_client = @saved_cs_client;

--
-- Temporary table structure for view `view3`
--

DROP TABLE IF EXISTS `view3`;
/*!50001 DROP VIEW IF EXISTS `view3`*/;
SET @saved_cs_client     = @@character_set_client;
SET character_set_client = utf8;
/*!50001 CREATE VIEW `view3` AS SELECT 
 1 AS `Request_Id`,
 1 AS `Subject`,
 1 AS `Status`,
 1 AS `First_Name`,
 1 AS `Last_Name`,
 1 AS `Request_Status`*/;
SET character_set_client = @saved_cs_client;

--
-- Table structure for table `worker_table`
--

DROP TABLE IF EXISTS `worker_table`;
/*!40101 SET @saved_cs_client     = @@character_set_client */;
/*!40101 SET character_set_client = utf8 */;
CREATE TABLE `worker_table` (
  `Worker_Id` int NOT NULL AUTO_INCREMENT,
  `First_Name` varchar(20) NOT NULL,
  `Middle_Name` varchar(20) DEFAULT NULL,
  `Last_Name` varchar(20) DEFAULT NULL,
  `Domain_Id` int NOT NULL,
  `Availability` varchar(100) NOT NULL,
  `Mobile_Number` char(10) NOT NULL,
  PRIMARY KEY (`Worker_Id`),
  UNIQUE KEY `Mobile_Number` (`Mobile_Number`),
  KEY `Domain_Id` (`Domain_Id`),
  CONSTRAINT `worker_table_ibfk_1` FOREIGN KEY (`Domain_Id`) REFERENCES `domain_table` (`Domain_Id`)
) ENGINE=InnoDB AUTO_INCREMENT=406 DEFAULT CHARSET=utf8mb4 COLLATE=utf8mb4_0900_ai_ci;
/*!40101 SET character_set_client = @saved_cs_client */;

--
-- Dumping data for table `worker_table`
--

LOCK TABLES `worker_table` WRITE;
/*!40000 ALTER TABLE `worker_table` DISABLE KEYS */;
INSERT INTO `worker_table` VALUES (2,'Emma','Grace','John',2,'Available on weekends and evenings','2345678901'),(3,'Michael','David','Brown',3,'Available on weekdays from 8am to 4pm','3456789012'),(4,'Sophia','Elizabeth','Martinez',4,'Available on weekdays from 10am to 6pm','4567890123'),(5,'William','Christopher','Anderson',5,'Available on weekends and evenings','5678901234'),(6,'Isabella','Lauren','Taylor',6,'Available on weekdays from 9am to 5pm','6789012345'),(7,'James','Ryan','Thomas',7,'Available on weekdays from 8am to 4pm','7890183456'),(8,'Olivia','Avery','Lee',8,'Available on weekends and evenings','8902234567'),(9,'Benjamin','Kevin','White',9,'Available on weekdays from 9am to 5pm','9012345678'),(10,'Amelia','Natalie','Harris',10,'Available on weekdays from 10am to 6pm','1234567891'),(11,'Ethan','Andrew','Wilson',1,'Available on weekends and evenings','2345678902'),(12,'Charlotte','Victoria','Walker',2,'Available on weekdays from 8am to 4pm','3456789013'),(13,'Mason','Alexander','Martin',3,'Available on weekdays from 9am to 5pm','4567890124'),(14,'Harper','Daniel','Thompson',4,'Available on weekends and evenings','5678901235'),(15,'Evelyn','Gabriella','Garcia',5,'Available on weekdays from 10am to 6pm','6789012346'),(16,'Liam','Christopher','Allen',6,'Available on weekdays from 9am to 5pm','7880123457'),(17,'Abigail','Madison','Young',7,'Available on weekends and evenings','8900234568'),(18,'Aiden','Jacob','King',8,'Available on weekdays from 8am to 4pm','9012345679'),(19,'Mia','Madison','Wright',9,'Available on weekdays from 10am to 6pm','1234567892'),(20,'Elijah','Ryan','Perez',10,'Available on weekends and evenings','2345678903'),(21,'Ella','Ariana','Robinson',1,'Available on weekdays from 9am to 5pm','3456789014'),(22,'Noah','David','Lewis',2,'Available on weekdays from 8am to 4pm','4567890125'),(23,'Avery','Grace','Scott',3,'Available on weekends and evenings','5678901236'),(24,'Sofia','Hailey','Diaz',4,'Available on weekdays from 10am to 6pm','6789012347'),(25,'Logan','Matthew','Hall',5,'Available on weekdays from 9am to 5pm','7890113458'),(26,'Riley','Emily','Green',6,'Available on weekends and evenings','8901234569'),(27,'Aria','Chloe','Adams',7,'Available on weekdays from 8am to 4pm','1234567893'),(28,'Jackson','James','Campbell',8,'Available on weekdays from 10am to 6pm','2345678904'),(29,'Grace','Nora','Evans',9,'Available on weekends and evenings','3456789015'),(30,'Carter','Jonathan','Morales',10,'Available on weekdays from 9am to 5pm','4567890126'),(31,'Scarlett','Kaylee','Rivera',1,'Available on weekdays from 8am to 4pm','5678901237'),(32,'Luke','Christian','Parker',2,'Available on weekends and evenings','6789012348'),(33,'Chloe','Lillian','Torres',3,'Available on weekdays from 10am to 6pm','7890123959'),(34,'Leo','Joseph','Collins',4,'Available on weekdays from 9am to 5pm','8901234560'),(35,'Layla','Alexa','Reyes',5,'Available on weekends and evenings','9012345671'),(36,'Mason','Ella','Murphy',6,'Available on weekdays from 8am to 4pm','1234567894'),(37,'Zoe','Gabrielle','Morgan',7,'Available on weekdays from 10am to 6pm','2345678905'),(38,'Nolan','John','Gutierrez',8,'Available on weekends and evenings','3456789016'),(39,'Ellie','Samantha','Cook',9,'Available on weekdays from 9am to 5pm','4567890127'),(40,'Grayson','Oliver','Bailey',10,'Available on weekdays from 8am to 4pm','5678901238'),(41,'Lucas','Isaac','Hill',1,'Available on weekends and evenings','6789012349'),(42,'Emma','Nicole','Rogers',2,'Available on weekdays from 10am to 6pm','7890123450'),(43,'Aubrey','Madeline','Reed',3,'Available on weekdays from 9am to 5pm','8901234561'),(44,'Henry','Owen','Sanders',4,'Available on weekends and evenings','1234567895'),(45,'Luna','Sophie','Wood',5,'Available on weekdays from 8am to 4pm','2345678906'),(46,'Owen','Jack','Washington',6,'Available on weekdays from 10am to 6pm','3456789017'),(47,'Stella','Bella','Price',7,'Available on weekends and evenings','4567890128'),(48,'Gavin','Cameron','Bennett',8,'Available on weekdays from 9am to 5pm','5678901239'),(49,'Peyton','Claire','Cooper',9,'Available on weekdays from 8am to 4pm','6789012350'),(50,'Zoey','Vanessa','Perry',10,'Available on weekends and evenings','7890123451'),(51,'Eli','Max','Long',1,'Available on weekdays from 9am to 5pm','8901234562'),(52,'Aurora','Julia','Howard',2,'Available on weekends and evenings','1234567896'),(53,'Levi','Adam','Hughes',3,'Available on weekdays from 8am to 4pm','2345678907'),(54,'Alyssa','Faith','Flores',4,'Available on weekdays from 10am to 6pm','3456789018'),(55,'Axel','Samuel','Barnes',5,'Available on weekends and evenings','4567890129'),(56,'Nora','Lillian','Gonzalez',6,'Available on weekdays from 9am to 5pm','5678901240'),(57,'Brooklyn','Violet','Edwards',7,'Available on weekdays from 8am to 4pm','6789012351'),(58,'Nathan','Robert','Russell',8,'Available on weekends and evenings','7890123452'),(59,'Addison','Elizabeth','Patterson',9,'Available on weekdays from 10am to 6pm','8901234563'),(60,'Sebastian','Jaxon','Coleman',10,'Available on weekends and evenings','1234567897'),(61,'Lily','Mackenzie','Simmons',1,'Available on weekdays from 9am to 5pm','2345678908'),(62,'Jack','Grayson','Foster',2,'Available on weekends and evenings','3456789019'),(63,'Madison','Brooklyn','Gomez',3,'Available on weekdays from 8am to 4pm','4567890130'),(64,'Hudson','Zachary','Bryant',4,'Available on weekdays from 10am to 6pm','5678901241'),(65,'Eva','Savannah','Alexander',5,'Available on weekends and evenings','6789012352'),(66,'Penelope','Clara','Collins',6,'Available on weekdays from 9am to 5pm','7890123453'),(67,'Gabriel','Dominic','Kelly',7,'Available on weekdays from 8am to 4pm','8901234564'),(68,'Austin','Gage','Richardson',8,'Available on weekends and evenings','1234567898'),(69,'Violet','Kylie','Baker',9,'Available on weekdays from 10am to 6pm','2345678909'),(70,'David','Jaxon','Grant',10,'Available on weekends and evenings','3456789020'),(71,'Ryder','Theodore','Powell',1,'Available on weekdays from 9am to 5pm','4567890131'),(72,'Sienna','Jade','Bennett',2,'Available on weekends and evenings','5678901242'),(73,'Adam','Hunter','Ramirez',3,'Available on weekdays from 8am to 4pm','6789012353'),(74,'Gabriella','Annabelle','Fisher',4,'Available on weekdays from 10am to 6pm','7890123454'),(75,'Claire','Caroline','Sanders',5,'Available on weekends and evenings','8901234565'),(76,'Lincoln','Jaxson','Graham',6,'Available on weekdays from 9am to 5pm','1234567899'),(77,'Hazel','Isabelle','Shaw',7,'Available on weekdays from 8am to 4pm','2345678910'),(78,'Carson','Miles','Harrison',8,'Available on weekends and evenings','3456789021'),(79,'Ariana','Elise','Sullivan',9,'Available on weekdays from 10am to 6pm','4567890132'),(80,'Mateo','Antonio','Wallace',10,'Available on weekends and evenings','5678901243'),(81,'Kaylee','Eliza','Woods',1,'Available on weekdays from 9am to 5pm','6789012354'),(82,'Maya','Danielle','Cole',2,'Available on weekends and evenings','7890123455'),(83,'Theodore','Roman','West',3,'Available on weekdays from 8am to 4pm','8901234666'),(84,'Bella','Leah','Jordan',4,'Available on weekdays from 10am to 6pm','1234567900'),(85,'Nicholas','Oscar','Murray',5,'Available on weekends and evenings','2345678911'),(86,'Paisley','Trinity','Wagner',6,'Available on weekdays from 9am to 5pm','3456789022'),(87,'Brody','Xavier','Bishop',7,'Available on weekdays from 8am to 4pm','4567890133'),(88,'Emilia','Reagan','Montgomery',8,'Available on weekends and evenings','5678901244'),(89,'Mila','Isabel','Harper',9,'Available on weekdays from 10am to 6pm','6789012355'),(90,'Joseph','Kenneth','Dunn',10,'Available on weekends and evenings','7890123456'),(91,'Annabelle','Faith','Mitchell',1,'Available on weekdays from 9am to 5pm','8901234567'),(92,'Eleanor','Harper','Hansen',2,'Available on weekends and evenings','1234567901'),(93,'Caleb','Brayden','Lynch',3,'Available on weekdays from 8am to 4pm','2345678912'),(94,'Everly','Layla','Gibson',4,'Available on weekdays from 10am to 6pm','3456789023'),(95,'Maddox','Bentley','Wall',5,'Available on weekends and evenings','4567890134'),(96,'Emerson','Xander','Keller',6,'Available on weekdays from 9am to 5pm','5678901245'),(97,'Hannah','Jocelyn','Ferguson',7,'Available on weekdays from 8am to 4pm','6789012356'),(98,'Matthew','George','Nelson',8,'Available on weekends and evenings','7890123457'),(99,'Leah','Aaliyah','Pearson',9,'Available on weekdays from 10am to 6pm','8901234568'),(100,'Anthony','Jude','Gardner',10,'Available on weekends and evenings','1234567902'),(101,'Dominic','Ryker','Fuller',1,'Available on weekdays from 9am to 5pm','2345678913'),(102,'Adeline','Brielle','Hart',2,'Available on weekends and evenings','3456789024'),(103,'Audrey','Harper','Bowman',3,'Available on weekdays from 8am to 4pm','4567890135'),(104,'Sawyer','Patrick','Klein',4,'Available on weekdays from 10am to 6pm','5678901246'),(105,'Cole','Elliot','Vasquez',5,'Available on weekends and evenings','6789012357'),(106,'Elliot','Weston','McCarthy',6,'Available on weekdays from 9am to 5pm','7890123458'),(107,'Claire','Gabriella','Lowe',7,'Available on weekdays from 8am to 4pm','8901234566'),(108,'Gemma','Danielle','Ruiz',8,'Available on weekends and evenings','1234567903'),(109,'Harrison','Finn','Gomez',9,'Available on weekdays from 10am to 6pm','2345678914'),(110,'Xavier','Nathaniel','Johnston',10,'Available on weekends and evenings','3456789025'),(111,'Isla','Rose','Santos',1,'Available on weekdays from 9am to 5pm','4567890136'),(112,'Bryson','Kingston','Hawkins',2,'Available on weekends and evenings','5678901247'),(113,'Lillian','Nicole','Perkins',3,'Available on weekdays from 8am to 4pm','6789012358'),(114,'Holly','Gabriella','Holmes',4,'Available on weekdays from 10am to 6pm','7890123999'),(115,'Leonardo','Wesley','Larson',5,'Available on weekends and evenings','8901234570'),(116,'Jasmine','Morgan','Warren',6,'Available on weekdays from 9am to 5pm','1234567904'),(117,'Elias','Dante','Austin',7,'Available on weekdays from 8am to 4pm','2345678915'),(118,'Vivian','Camila','Dixon',8,'Available on weekends and evenings','3456789026'),(119,'Tyler','Justin','Roberts',9,'Available on weekdays from 10am to 6pm','4567890137'),(120,'Aaliyah','Kennedy','Cunningham',10,'Available on weekends and evenings','5678901248'),(121,'Ruby','Juliana','Ramsey',1,'Available on weekdays from 9am to 5pm','6789012359'),(122,'Jaxon','Stephen','Harvey',2,'Available on weekends and evenings','7890123459'),(123,'Brianna','Elaina','Stanley',3,'Available on weekdays from 8am to 4pm','8901234571'),(124,'Emmett','Tucker','Pierce',4,'Available on weekdays from 10am to 6pm','1234567905'),(125,'Hudson','Paxton','Blackburn',5,'Available on weekends and evenings','2345678916'),(126,'Eliza','Faith','Cortez',6,'Available on weekdays from 9am to 5pm','3456789027'),(127,'Kingston','Edward','Herrera',7,'Available on weekdays from 8am to 4pm','4567890138'),(128,'Angel','Josiah','Cameron',8,'Available on weekends and evenings','5678901249'),(129,'Mary','Juliette','McDonald',9,'Available on weekdays from 10am to 6pm','6789012360'),(130,'Emery','Leighton','Sweeney',10,'Available on weekends and evenings','7890123460'),(131,'Declan','Silas','Wyatt',1,'Available on weekdays from 9am to 5pm','8901234572'),(132,'Lucy','Harmony','Atkinson',2,'Available on weekends and evenings','1234567906'),(133,'Harrison','Jasper','Greer',3,'Available on weekdays from 8am to 4pm','2345678917'),(134,'Aubree','Norah','Brady',4,'Available on weekdays from 10am to 6pm','3456789028'),(135,'Adalynn','Fiona','Huffman',5,'Available on weekends and evenings','4567890139'),(136,'Morgan','Emerson','Baker',6,'Available on weekdays from 9am to 5pm','5678901250'),(137,'Weston','Everett','Mendoza',7,'Available on weekdays from 8am to 4pm','6789012361'),(138,'Amaya','Hope','Hoover',8,'Available on weekends and evenings','7890123461'),(139,'Angelina','Rylee','Vargas',9,'Available on weekdays from 10am to 6pm','8901234573'),(140,'Rowan','Jesse','Pearson',10,'Available on weekends and evenings','1234567907'),(141,'Hazel','Adeline','Luna',1,'Available on weekdays from 9am to 5pm','2345678918'),(142,'Kaiden','Jayden','Santiago',2,'Available on weekends and evenings','3456789029'),(143,'Michelle','Lila','Daniels',3,'Available on weekdays from 8am to 4pm','4567890140'),(144,'Dominick','Emmanuel','Fitzgerald',4,'Available on weekdays from 10am to 6pm','5678901251'),(145,'Daniela','Anastasia','Reid',5,'Available on weekends and evenings','6789012362'),(146,'Bentley','Beckett','Schmidt',6,'Available on weekdays from 9am to 5pm','7890123462'),(147,'Ivy','Katherine','Hickman',7,'Available on weekdays from 8am to 4pm','8901234574'),(148,'Giselle','Presley','Poole',8,'Available on weekends and evenings','1234567908'),(149,'Camila','Malia','Kramer',9,'Available on weekdays from 10am to 6pm','2345678919'),(150,'Cameron','Emmett','Hubbard',10,'Available on weekends and evenings','3456789030'),(151,'Levi','Israel','Rodriguez',1,'Available on weekdays from 9am to 5pm','4567890141'),(152,'Elena','Londyn','Cohen',2,'Available on weekends and evenings','5678901252'),(153,'Vanessa','Raegan','Hardy',3,'Available on weekdays from 8am to 4pm','6789012363'),(154,'Athena','Juliet','Sherman',4,'Available on weekdays from 10am to 6pm','7890123463'),(155,'Keira','Rebecca','Gould',5,'Available on weekends and evenings','8901234575'),(156,'Kinsley','Serenity','McBride',6,'Available on weekdays from 9am to 5pm','1234567909'),(157,'Joel','Walter','Walters',7,'Available on weekdays from 8am to 4pm','2345678920'),(158,'Thea','Lucia','Conner',8,'Available on weekends and evenings','3456789031'),(159,'Bianca','Sloane','Wells',9,'Available on weekdays from 10am to 6pm','4567890142'),(160,'Maximus','Beau','House',10,'Available on weekends and evenings','5678901253'),(161,'Adeline','Ruth','Dawson',1,'Available on weekdays from 9am to 5pm','6789012364'),(162,'Jaden','Ezekiel','Bowen',2,'Available on weekends and evenings','7890123464'),(163,'Lyla','Jennifer','Roberson',3,'Available on weekdays from 8am to 4pm','8901234576'),(164,'Charlie','King','Saunders',4,'Available on weekdays from 10am to 6pm','1234567910'),(165,'Eleanor','Kayla','Kent',5,'Available on weekends and evenings','2345678921'),(166,'David','Gael','Stanton',6,'Available on weekdays from 9am to 5pm','3456789032'),(167,'Brantley','Brady','Nichols',7,'Available on weekdays from 8am to 4pm','4567890143'),(168,'Alexis','Arianna','Freeman',8,'Available on weekends and evenings','5678901254'),(169,'Roman','Hayden','Lara',9,'Available on weekdays from 10am to 6pm','6789012365'),(170,'Raelynn','Stephanie','Bowers',10,'Available on weekends and evenings','7890123465'),(171,'Zion','Archer','Brock',1,'Available on weekdays from 9am to 5pm','8901234577'),(172,'Katherine','Nora','Roman',2,'Available on weekends and evenings','1234567911'),(173,'Dallas','Abraham','Sweeney',3,'Available on weekdays from 8am to 4pm','2345678922'),(174,'Myles','Eduardo','Mercado',4,'Available on weekdays from 10am to 6pm','3456789033'),(175,'Adaline','Paris','Trujillo',5,'Available on weekends and evenings','4567890144'),(176,'Kylee','Alexandra','Strickland',6,'Available on weekdays from 9am to 5pm','5678901255'),(177,'Zara','Presley','Daugherty',7,'Available on weekdays from 8am to 4pm','6789012366'),(178,'Camden','Louis','Huber',8,'Available on weekends and evenings','7890123466'),(179,'Luna','Harlow','Robbins',9,'Available on weekdays from 10am to 6pm','8901234578'),(180,'Jeremy','Elian','Gay',10,'Available on weekends and evenings','1234567912'),(181,'Norah','Arya','Vang',1,'Available on weekdays from 9am to 5pm','2345678923'),(182,'Alaina','Tatum','Swanson',2,'Available on weekends and evenings','3456789034'),(183,'Isabelle','Gracie','Malone',3,'Available on weekdays from 8am to 4pm','4567890145'),(184,'Valeria','Daniella','Hancock',4,'Available on weekdays from 10am to 6pm','5678901256'),(185,'Hope','Mckenna','Cooke',5,'Available on weekends and evenings','6789012367'),(186,'Camille','Rachel','Gamble',6,'Available on weekdays from 9am to 5pm','7890123467'),(187,'Brooke','Rosalie','Cordova',7,'Available on weekdays from 8am to 4pm','8901234579'),(188,'Gage','Jimmy','Browne',8,'Available on weekends and evenings','1234567913'),(189,'Lucas','Orlando','Villa',9,'Available on weekdays from 10am to 6pm','2345678924'),(190,'Karina','Serena','Coates',10,'Available on weekends and evenings','3456789035'),(191,'Logan','Conner','Hickman',1,'Available on weekdays from 9am to 5pm','4567890146'),(192,'Raegan','Cassidy','Rangel',2,'Available on weekends and evenings','5678901257'),(193,'Amelia','Phoebe','Burnett',3,'Available on weekdays from 8am to 4pm','6789012368'),(194,'Griffin','Tristan','Shea',4,'Available on weekdays from 10am to 6pm','7890123468'),(195,'Dakota','Quinn','Weeks',5,'Available on weekends and evenings','8901234580'),(196,'Adelaide','Melody','Hensley',6,'Available on weekdays from 9am to 5pm','1234567914'),(197,'Hayden','Raul','Bentley',7,'Available on weekdays from 8am to 4pm','2345678925'),(198,'Serena','Juliet','Branch',8,'Available on weekends and evenings','3456789036'),(199,'Makenna','Julianna','Pugh',9,'Available on weekdays from 10am to 6pm','4567890147'),(200,'Finley','Liliana','Pugh',10,'Available on weekends and evenings','5678901258'),(201,'Maverick','Brock','Pitts',1,'Available on weekdays from 9am to 5pm','6789012369'),(202,'Hattie','Mckinley','Head',2,'Available on weekends and evenings','7890123469'),(203,'Cora','Jenna','Bishop',3,'Available on weekdays from 8am to 4pm','8901234581'),(204,'Delaney','Juliette','Fry',4,'Available on weekdays from 10am to 6pm','1234567915'),(205,'Ana','Sasha','Fletcher',5,'Available on weekends and evenings','2345678926'),(206,'Kamryn','Kelsey','Barajas',6,'Available on weekdays from 9am to 5pm','3456789037'),(207,'Alexandra','Alison','Haas',7,'Available on weekdays from 8am to 4pm','4567890148'),(208,'Everleigh','Bristol','Parrish',8,'Available on weekends and evenings','5678901259'),(209,'Emerson','Briana','Pollard',9,'Available on weekdays from 10am to 6pm','6789012370'),(210,'Ezekiel','Evan','Rivers',10,'Available on weekends and evenings','7890123470'),(211,'Londyn','Avery','McIntosh',1,'Available on weekdays from 9am to 5pm','8901234582'),(212,'Skylar','Julian','Gillespie',2,'Available on weekends and evenings','1234567916'),(213,'Brynn','Annabelle','Buck',3,'Available on weekdays from 8am to 4pm','2345678927'),(214,'Evangeline','Sabrina','Mcmahon',4,'Available on weekdays from 10am to 6pm','3456789038'),(215,'Alexandria','Elaina','Calderon',5,'Available on weekends and evenings','4567890149'),(216,'Paris','Kora','Henson',6,'Available on weekdays from 9am to 5pm','5678901260'),(217,'Finn','Elliott','Clements',7,'Available on weekdays from 8am to 4pm','6789012371'),(218,'Georgia','Ember','Leach',8,'Available on weekends and evenings','7890123471'),(219,'Holly','Bianca','Barron',9,'Available on weekdays from 10am to 6pm','8901234583'),(220,'Karter','Trenton','Oconnor',10,'Available on weekends and evenings','1234567917'),(221,'Kamila','Rylan','Knapp',1,'Available on weekdays from 9am to 5pm','2345678928'),(222,'Nina','Miriam','Bentley',2,'Available on weekends and evenings','3456789039'),(223,'Brooklyn','Angelina','Peck',3,'Available on weekdays from 8am to 4pm','4567890150'),(224,'Presley','Natalia','Wiley',4,'Available on weekdays from 10am to 6pm','5678901261'),(225,'Bristol','Jade','Gallagher',5,'Available on weekends and evenings','6789012372'),(226,'Sage','Christina','Wang',6,'Available on weekdays from 9am to 5pm','7890123472'),(227,'Ruth','Rebekah','Burns',7,'Available on weekdays from 8am to 4pm','8901234584'),(228,'Cassidy','Leilani','Preston',8,'Available on weekends and evenings','1234567918'),(229,'Alana','Alivia','Callahan',9,'Available on weekdays from 10am to 6pm','2345678929'),(230,'Alivia','Georgia','Huffman',10,'Available on weekends and evenings','3456789040'),(231,'Eloise','Rosalie','Levine',1,'Available on weekdays from 9am to 5pm','4567890151'),(232,'Alayna','Kaylie','Roberson',2,'Available on weekends and evenings','5678901262'),(233,'Rowan','Lina','Leblanc',3,'Available on weekdays from 8am to 4pm','6789012373'),(234,'Makenzie','Mikayla','Nunez',4,'Available on weekdays from 10am to 6pm','7890123473'),(235,'Regina','Julissa','Vang',5,'Available on weekends and evenings','8901234585'),(236,'Alayna','Paris','Combs',6,'Available on weekdays from 9am to 5pm','1234567919'),(237,'Jayla','Hope','Dudley',7,'Available on weekdays from 8am to 4pm','2345678930'),(238,'Reagan','Madeline','Cardenas',8,'Available on weekends and evenings','3456789041'),(239,'Lainey','Joyce','Petty',9,'Available on weekdays from 10am to 6pm','4567890152'),(240,'River','Zara','Lutz',10,'Available on weekends and evenings','5678901263'),(241,'Elise','Estelle','Sherman',1,'Available on weekdays from 9am to 5pm','6789012374'),(242,'Miley','Noelle','Crosby',2,'Available on weekends and evenings','7890123474'),(243,'Haley','Elliot','Reese',3,'Available on weekdays from 8am to 4pm','8901234586'),(244,'Lucia','Kaitlyn','Ibarra',4,'Available on weekdays from 10am to 6pm','1234567920'),(245,'Kyla','Lana','Avila',5,'Available on weekends and evenings','2345678931'),(246,'Paige','Anya','Branch',6,'Available on weekdays from 9am to 5pm','3456789042'),(247,'Dahlia','Kaitlyn','Compton',7,'Available on weekdays from 8am to 4pm','4567890153'),(248,'Nicole','Leilani','Dalton',8,'Available on weekends and evenings','5678901264'),(249,'Maci','Alyssa','Hurley',9,'Available on weekdays from 10am to 6pm','6789012375'),(250,'Jayda','Nia','Lara',10,'Available on weekends and evenings','7890123475'),(251,'Lexi','Kaylie','Dale',1,'Available on weekdays from 9am to 5pm','8901234587'),(252,'Emery','Teresa','Greene',2,'Available on weekends and evenings','1234567921'),(253,'Aubrey','Angela','Mcclain',3,'Available on weekdays from 8am to 4pm','2345678932'),(254,'Fatima','Alondra','Charles',4,'Available on weekdays from 10am to 6pm','3456789043'),(255,'Malia','Lilah','Solomon',5,'Available on weekends and evenings','4567890154'),(256,'Julianna','Sloan','Moran',6,'Available on weekdays from 9am to 5pm','5678901265'),(257,'April','Celia','Hull',7,'Available on weekdays from 8am to 4pm','6789012376'),(258,'Lila','Cynthia','Figueroa',8,'Available on weekends and evenings','7890123476'),(259,'Laura','Tessa','Glenn',9,'Available on weekdays from 10am to 6pm','8901234588'),(260,'Alondra','Piper','Hurley',10,'Available on weekends and evenings','1234567922'),(261,'Kamryn','Haley','Fitzgerald',1,'Available on weekdays from 9am to 5pm','2345678933'),(262,'Emilia','Camille','Cantu',2,'Available on weekends and evenings','3456789044'),(263,'Elaina','Meredith','Herman',3,'Available on weekdays from 8am to 4pm','4567890155'),(264,'Josie','Celeste','Hogan',4,'Available on weekdays from 10am to 6pm','5678901266'),(265,'Isla','Dulce','Mcintosh',5,'Available on weekends and evenings','6789012377'),(266,'Kiera','Caroline','Lutz',6,'Available on weekdays from 9am to 5pm','7890123477'),(267,'Kali','Adelaide','Beasley',7,'Available on weekdays from 8am to 4pm','8901234589'),(268,'Alayna','Brynlee','Hess',8,'Available on weekends and evenings','1234567923'),(269,'Lola','Charlee','Barnes',9,'Available on weekdays from 10am to 6pm','2345678934'),(270,'Jayleen','Alison','Gilliam',10,'Available on weekends and evenings','3456789045'),(271,'Alison','Shay','Hendrix',1,'Available on weekdays from 9am to 5pm','4567890156'),(272,'Zoey','Kara','Hood',2,'Available on weekends and evenings','5678901267'),(273,'Kira','Jolene','Le',3,'Available on weekdays from 8am to 4pm','6789012378'),(274,'Izabella','Jane','Mayer',4,'Available on weekdays from 10am to 6pm','7890123478'),(275,'Raelyn','Morgan','Kramer',5,'Available on weekends and evenings','8901234590'),(276,'Heidi','Alessandra','Mcpherson',6,'Available on weekdays from 9am to 5pm','1234567924'),(277,'Karla','Bristol','Barrera',7,'Available on weekdays from 8am to 4pm','2345678935'),(278,'Anya','Skye','Arellano',8,'Available on weekends and evenings','3456789046'),(279,'Kiera','Evangeline','Mccarthy',9,'Available on weekdays from 10am to 6pm','4567890157'),(280,'Nyla','Ashlynn','Pollard',10,'Available on weekends and evenings','5678901268'),(281,'Genevieve','Armani','Hurst',1,'Available on weekdays from 9am to 5pm','6789012379'),(282,'Blakely','Megan','Robbins',2,'Available on weekends and evenings','7890123479'),(283,'Scarlet','Cara','Sims',3,'Available on weekdays from 8am to 4pm','8901234591'),(284,'Cameron','Joy','Trujillo',4,'Available on weekdays from 10am to 6pm','1234567925'),(285,'Ember','Jenna','Gentry',5,'Available on weekends and evenings','2345678936'),(286,'Payton','Gianna','Lara',6,'Available on weekdays from 9am to 5pm','3456789047'),(287,'Vivienne','Hadassah','Nixon',7,'Available on weekdays from 8am to 4pm','4567890158'),(288,'Aubrie','Raven','Woodard',8,'Available on weekends and evenings','5678901269'),(289,'Aileen','Macy','Cherry',9,'Available on weekdays from 10am to 6pm','6789012380'),(290,'Annie','Miranda','Wheeler',10,'Available on weekends and evenings','7890123480'),(291,'Brynlee','Skyler','Guthrie',1,'Available on weekdays from 9am to 5pm','8901234592'),(292,'Nayeli','Tiffany','Sosa',2,'Available on weekends and evenings','1234567926'),(293,'Carolina','Aspen','Campos',3,'Available on weekdays from 8am to 4pm','2345678937'),(294,'Kensley','Karsyn','Short',4,'Available on weekdays from 10am to 6pm','3456789048'),(295,'Adaline','Emmalyn','Pace',5,'Available on weekends and evenings','4567890159'),(296,'Skyler','Kristen','Gay',6,'Available on weekdays from 9am to 5pm','5678901270'),(297,'Nancy','Elle','Mueller',7,'Available on weekdays from 8am to 4pm','6789012381'),(298,'Jessa','Hadassah','Guerrero',8,'Available on weekends and evenings','7890123481'),(299,'Kaylin','Juliet','Floyd',9,'Available on weekdays from 10am to 6pm','8901234593'),(300,'Mckenna','Fernanda','Dyer',10,'Available on weekends and evenings','1234567927'),(301,'Adelyn','Kenzie','Moon',1,'Available on weekdays from 9am to 5pm','2345678938'),(302,'Liana','Mara','Gonzalez',2,'Available on weekends and evenings','3456789049'),(303,'Alicia','Cadence','Mcclure',3,'Available on weekdays from 8am to 4pm','4567890160'),(304,'Sarai','Alani','Conner',4,'Available on weekdays from 10am to 6pm','5678901271'),(305,'Octavia','Nalani','Chang',5,'Available on weekends and evenings','6789012382'),(306,'Elle','Lainey','Bender',6,'Available on weekdays from 9am to 5pm','7890123482'),(307,'Janelle','Lauren','Herman',7,'Available on weekdays from 8am to 4pm','8901234594'),(308,'Bailey','Aurelia','Leblanc',8,'Available on weekends and evenings','1234567928'),(309,'Christina','Brooklynn','Horton',9,'Available on weekdays from 10am to 6pm','2345678939'),(310,'Allyson','Luciana','Raymond',10,'Available on weekends and evenings','3456789050'),(311,'Kayleigh','Aryanna','Hull',1,'Available on weekdays from 9am to 5pm','4567890161'),(312,'Macie','Lilith','Carney',2,'Available on weekends and evenings','5678901272'),(313,'Eileen','Mira','Clarke',3,'Available on weekdays from 8am to 4pm','6789012383'),(314,'Elisabeth','Elaina','Melendez',4,'Available on weekdays from 10am to 6pm','7890123483'),(315,'Anahi','Kailani','Zimmerman',5,'Available on weekends and evenings','8901234595'),(316,'Caitlyn','Luz','Talley',6,'Available on weekdays from 9am to 5pm','1234567929'),(317,'Kiara','Ayanna','Hancock',7,'Available on weekdays from 8am to 4pm','2345678940'),(318,'Charlee','Briella','Shea',8,'Available on weekends and evenings','3456789051'),(319,'Gwendolyn','Mckinley','Church',9,'Available on weekdays from 10am to 6pm','4567890162'),(320,'Jazlyn','Johanna','Harding',10,'Available on weekends and evenings','5678901273'),(321,'Averie','Thalia','Oneal',1,'Available on weekdays from 9am to 5pm','6789012384'),(322,'Mya','Kinslee','Cantu',2,'Available on weekends and evenings','7890123484'),(323,'Adelaide','Willa','Hodge',3,'Available on weekdays from 8am to 4pm','8901234596'),(324,'Kaylin','Hadlee','Burch',4,'Available on weekdays from 10am to 6pm','1234567930'),(325,'Annika','Remy','Patton',5,'Available on weekends and evenings','2345678941'),(326,'Christine','Janae','Dorsey',6,'Available on weekdays from 9am to 5pm','3456789052'),(327,'Mckinley','Katelynn','Mcbride',7,'Available on weekdays from 8am to 4pm','4567890163'),(328,'Kendall','Aubree','Stark',8,'Available on weekends and evenings','5678901274'),(329,'Jaida','Elliott','Klein',9,'Available on weekdays from 10am to 6pm','6789012385'),(330,'Jewel','Ingrid','Mayo',10,'Available on weekends and evenings','7890123485'),(331,'Adrienne','Moriah','Dominguez',1,'Available on weekdays from 9am to 5pm','8901234597'),(332,'Karlee','Kenya','Booth',2,'Available on weekends and evenings','1234567931'),(333,'April','Aubree','Gilliam',3,'Available on weekdays from 8am to 4pm','2345678942'),(334,'Irene','Katelyn','Cherry',4,'Available on weekdays from 10am to 6pm','3456789053'),(335,'Celeste','Azalea','Patton',5,'Available on weekends and evenings','4567890164'),(336,'Kaia','Joselyn','Gallegos',6,'Available on weekdays from 9am to 5pm','5678901275'),(337,'Daniella','Aileen','Henson',7,'Available on weekdays from 8am to 4pm','6789012386'),(338,'Cara','Amanda','Cooper',8,'Available on weekends and evenings','7890123486'),(339,'Lilyana','Lindsey','Watson',9,'Available on weekdays from 10am to 6pm','8901234598'),(340,'Nadia','Alissa','Oneill',10,'Available on weekends and evenings','1234567932'),(341,'Alyson','Phoenix','Dorsey',1,'Available on weekdays from 9am to 5pm','2345678943'),(342,'Aiyana','Amani','Benjamin',2,'Available on weekends and evenings','3456789054'),(343,'Eleanor','Violet','Shepard',3,'Available on weekdays from 8am to 4pm','4567890165'),(344,'Rylie','Skyla','Mccullough',4,'Available on weekdays from 10am to 6pm','5678901276'),(345,'Ariella','Elyse','Kidd',5,'Available on weekends and evenings','6789012387'),(346,'Ivory','Camilla','Morales',6,'Available on weekdays from 9am to 5pm','7890123487'),(347,'Ariah','Giselle','Brock',7,'Available on weekdays from 8am to 4pm','8901234599'),(348,'Demi','Nadia','Humphrey',8,'Available on weekends and evenings','1234567933'),(349,'Isabela','Briar','Pennington',9,'Available on weekdays from 10am to 6pm','2345678944'),(350,'Kiley','Rhea','Mcclain',10,'Available on weekends and evenings','3456789055'),(351,'Lena','Dalia','Wiggins',1,'Available on weekdays from 9am to 5pm','4567890166'),(352,'Brenda','Desiree','Hodges',2,'Available on weekends and evenings','5678901277'),(353,'Jazmine','Haven','Li',3,'Available on weekdays from 8am to 4pm','6789012388'),(354,'Aurelia','Catalina','Yu',4,'Available on weekdays from 10am to 6pm','7890123488'),(355,'Kamora','Carmen','Perez',5,'Available on weekends and evenings','8901234600'),(356,'Dayana','Elin','Montoya',6,'Available on weekdays from 9am to 5pm','1234567934'),(357,'Celine','Amaris','Robinson',7,'Available on weekdays from 8am to 4pm','2345678945'),(358,'Jane','Marianna','Johnston',8,'Available on weekends and evenings','3456789056'),(359,'Kaylie','Jordynn','Barron',9,'Available on weekdays from 10am to 6pm','4567890167'),(360,'Kyleigh','Kaelyn','George',10,'Available on weekends and evenings','5678901278'),(361,'Ansley','Penny','Mejia',1,'Available on weekdays from 9am to 5pm','6789012389'),(362,'Nayeli','Ada','Carey',2,'Available on weekends and evenings','7890123489'),(363,'Kailani','Marlee','Callahan',3,'Available on weekdays from 8am to 4pm','8901234601'),(364,'Sarai','Alayah','Haney',4,'Available on weekdays from 10am to 6pm','1234567935'),(365,'Savanna','Lilith','Odonnell',5,'Available on weekends and evenings','2345678946'),(366,'Sariah','Gemma','Stuart',6,'Available on weekdays from 9am to 5pm','3456789057'),(367,'Yareli','Emmeline','Dougherty',7,'Available on weekdays from 8am to 4pm','4567890168'),(368,'Zariah','Paulina','Walls',8,'Available on weekends and evenings','5678901279'),(369,'Mireya','Teresa','Holland',9,'Available on weekdays from 10am to 6pm','6789012390'),(370,'Angel','Amira','Hodge',10,'Available on weekends and evenings','7890123490'),(371,'Brynleigh','Jana','Boyd',1,'Available on weekdays from 9am to 5pm','8901234602'),(372,'Saniyah','Eliana','Gould',2,'Available on weekends and evenings','1234567936'),(373,'Gracelyn','Karissa','Rowland',3,'Available on weekdays from 8am to 4pm','2345678947'),(374,'Mira','Adyson','Bates',4,'Available on weekdays from 10am to 6pm','3456789058'),(375,'Azariah','Bailee','Stanton',5,'Available on weekends and evenings','4567890169'),(376,'Ansley','Kaitlyn','Saunders',6,'Available on weekdays from 9am to 5pm','5678901280'),(377,'Emilee','Dixie','Branch',7,'Available on weekdays from 8am to 4pm','6789012391'),(378,'Mae','Aubri','Dalton',8,'Available on weekends and evenings','7890123491'),(379,'Marlee','Ellen','Sloan',9,'Available on weekdays from 10am to 6pm','8901234603'),(380,'Natalee','Joy','Mccann',10,'Available on weekends and evenings','1234567937'),(381,'Martha','Saniyah','Richard',1,'Available on weekdays from 9am to 5pm','2345678948'),(382,'Kayden','Harleigh','Mcmillan',2,'Available on weekends and evenings','3456789059'),(383,'Elianna','Jaylene','Schwartz',3,'Available on weekdays from 8am to 4pm','4567890170'),(384,'Alisson','Alyvia','Baldwin',4,'Available on weekdays from 10am to 6pm','5678901281'),(385,'Alia','Alexandria','Conway',5,'Available on weekends and evenings','6789012392'),(386,'Dorothy','Adrienne','Frank',6,'Available on weekdays from 9am to 5pm','7890123492'),(387,'Kaelyn','Kensley','Mcclure',7,'Available on weekdays from 8am to 4pm','8901234604'),(388,'Lillianna','Natalya','Terry',8,'Available on weekends and evenings','1234567938'),(389,'Thalia','Izabelle','Mcconnell',9,'Available on weekdays from 10am to 6pm','2345678949'),(390,'Chanel','Cherish','Serrano',10,'Available on weekends and evenings','3456789060'),(391,'Nathaly','Hattie','Blake',1,'Available on weekdays from 9am to 5pm','4567890171'),(392,'Estella','Lauryn','Branch',2,'Available on weekends and evenings','5678901282'),(393,'Emmalynn','Raquel','Barnett',3,'Available on weekdays from 8am to 4pm','6789012393'),(394,'Melanie','Natalya','Odom',4,'Available on weekdays from 10am to 6pm','7890123493'),(395,'Jaelynn','Kai','Fischer',5,'Available on weekends and evenings','8901234605'),(396,'Raquel','Paulina','Abbott',6,'Available on weekdays from 9am to 5pm','1234567939'),(397,'Itzel','Esperanza','Barr',7,'Available on weekdays from 8am to 4pm','2345678950'),(398,'Mikayla','Alissa','Madden',8,'Available on weekends and evenings','3456789061'),(399,'Aiyana','Irene','Patrick',9,'Available on weekdays from 10am to 6pm','4567890172'),(400,'Liberty','Alia','Howe',10,'Available on weekends and evenings','5678901283'),(405,'Shubh','a','Agarwal',2,'Anytime','7043236104');
/*!40000 ALTER TABLE `worker_table` ENABLE KEYS */;
UNLOCK TABLES;

--
-- Final view structure for view `view1`
--

/*!50001 DROP VIEW IF EXISTS `view1`*/;
/*!50001 SET @saved_cs_client          = @@character_set_client */;
/*!50001 SET @saved_cs_results         = @@character_set_results */;
/*!50001 SET @saved_col_connection     = @@collation_connection */;
/*!50001 SET character_set_client      = utf8mb4 */;
/*!50001 SET character_set_results     = utf8mb4 */;
/*!50001 SET collation_connection      = utf8mb4_0900_ai_ci */;
/*!50001 CREATE ALGORITHM=UNDEFINED */
/*!50013 DEFINER=`root`@`localhost` SQL SECURITY DEFINER */
/*!50001 VIEW `view1` AS select `r`.`Request_Id` AS `Request_Id`,`r`.`Subject` AS `Subject`,`r`.`Availability` AS `Availability`,concat(`u`.`First_Name`,' ',`u`.`Middle_Name`,' ',`u`.`Last_Name`) AS `Full_Name` from (`request_table` `r` join `user_table` `u` on((`r`.`User_Id` = `u`.`User_Id`))) */;
/*!50001 SET character_set_client      = @saved_cs_client */;
/*!50001 SET character_set_results     = @saved_cs_results */;
/*!50001 SET collation_connection      = @saved_col_connection */;

--
-- Final view structure for view `view2`
--

/*!50001 DROP VIEW IF EXISTS `view2`*/;
/*!50001 SET @saved_cs_client          = @@character_set_client */;
/*!50001 SET @saved_cs_results         = @@character_set_results */;
/*!50001 SET @saved_col_connection     = @@collation_connection */;
/*!50001 SET character_set_client      = utf8mb4 */;
/*!50001 SET character_set_results     = utf8mb4 */;
/*!50001 SET collation_connection      = utf8mb4_0900_ai_ci */;
/*!50001 CREATE ALGORITHM=UNDEFINED */
/*!50013 DEFINER=`root`@`localhost` SQL SECURITY DEFINER */
/*!50001 VIEW `view2` AS select `r`.`Request_Id` AS `Request_Id`,`r`.`Subject` AS `Subject`,`r`.`Availability` AS `Availability`,concat(`u`.`First_Name`,' ',`u`.`Last_Name`) AS `Full_Name` from (`request_table` `r` join `user_table` `u` on((`r`.`User_Id` = `u`.`User_Id`))) */;
/*!50001 SET character_set_client      = @saved_cs_client */;
/*!50001 SET character_set_results     = @saved_cs_results */;
/*!50001 SET collation_connection      = @saved_col_connection */;

--
-- Final view structure for view `view3`
--

/*!50001 DROP VIEW IF EXISTS `view3`*/;
/*!50001 SET @saved_cs_client          = @@character_set_client */;
/*!50001 SET @saved_cs_results         = @@character_set_results */;
/*!50001 SET @saved_col_connection     = @@collation_connection */;
/*!50001 SET character_set_client      = utf8mb4 */;
/*!50001 SET character_set_results     = utf8mb4 */;
/*!50001 SET collation_connection      = utf8mb4_0900_ai_ci */;
/*!50001 CREATE ALGORITHM=UNDEFINED */
/*!50013 DEFINER=`root`@`localhost` SQL SECURITY DEFINER */
/*!50001 VIEW `view3` AS select `r`.`Request_Id` AS `Request_Id`,`r`.`Subject` AS `Subject`,`r`.`Status` AS `Status`,`u`.`First_Name` AS `First_Name`,`u`.`Last_Name` AS `Last_Name`,(case `r`.`Status` when 'Pending' then 'Pending' when 'Approved' then 'Approved' else 'In Progress' end) AS `Request_Status` from (`request_table` `r` join `user_table` `u` on((`r`.`User_Id` = `u`.`User_Id`))) */;
/*!50001 SET character_set_client      = @saved_cs_client */;
/*!50001 SET character_set_results     = @saved_cs_results */;
/*!50001 SET collation_connection      = @saved_col_connection */;
/*!40103 SET TIME_ZONE=@OLD_TIME_ZONE */;

/*!40101 SET SQL_MODE=@OLD_SQL_MODE */;
/*!40014 SET FOREIGN_KEY_CHECKS=@OLD_FOREIGN_KEY_CHECKS */;
/*!40014 SET UNIQUE_CHECKS=@OLD_UNIQUE_CHECKS */;
/*!40101 SET CHARACTER_SET_CLIENT=@OLD_CHARACTER_SET_CLIENT */;
/*!40101 SET CHARACTER_SET_RESULTS=@OLD_CHARACTER_SET_RESULTS */;
/*!40101 SET COLLATION_CONNECTION=@OLD_COLLATION_CONNECTION */;
/*!40111 SET SQL_NOTES=@OLD_SQL_NOTES */;

-- Dump completed on 2024-03-23  0:17:46
